"id","title","menu","item"
"1","Women","Accessories,Dresses,Tops,HandBags","Accessories,Dresses,Tops,HandBags"
"2","Men","Accessories,Dresses,Tops,HandBags","Accessories,Dresses,Tops,HandBags"
"3","Footwear","Accessories,Dresses,Tops,HandBags","Accessories,Dresses,Tops,HandBags"
"4","Jewelry","Accessories,Dresses,Tops,HandBags","Accessories,Dresses,Tops,HandBags"
"5","Lady","Accessories,Dresses,Tops,HandBags","Accessories,Dresses,Tops,HandBags"
"6","Women","Accessories,Dresses,Tops,HandBags","Accessories,Dresses,Tops,HandBags"
"7","Men","Accessories,Dresses,Tops,HandBags","Accessories,Dresses,Tops,HandBags"
"8","Footwear","Accessories,Dresses,Tops,HandBags","Accessories,Dresses,Tops,HandBags"
"9","Jewelry","Accessories,Dresses,Tops,HandBags","Accessories,Dresses,Tops,HandBags"
"10","Lady","Accessories,Dresses,Tops,HandBags","Accessories,Dresses,Tops,HandBags"
